data/events/GBTD-01-01-LP-gb10_000.wav, 1
data/events/GBTD-01-01-LP-gb11_000.wav, 1
data/events/GBTD-01-01-LP-gb12_000.wav, 1
data/events/GBTD-01-01-LP-gb13_000.wav, 1
data/events/GBTD-01-01-LP-gb14_000.wav, 1
data/events/GBTD-01-01-LP-gb15_000.wav, 1
data/events/GBTD-01-01-LP-gb16_000.wav, 1
data/events/GBTD-01-01-LP-gb17_000.wav, 1
data/events/GBTD-01-01-LP-gb18_000.wav, 1
data/events/GBTD-01-01-LP-gb19_000.wav, 1
data/events/GBTD-01-01-LP-gb1_000.wav, 1
data/events/GBTD-01-01-LP-gb20_000.wav, 1
data/events/GBTD-01-01-LP-gb21_000.wav, 1
data/events/GBTD-01-01-LP-gb22_000.wav, 1
data/events/GBTD-01-01-LP-gb23_000.wav, 1
data/events/GBTD-01-01-LP-gb24_000.wav, 1
data/events/GBTD-01-01-LP-gb25_000.wav, 1
data/events/GBTD-01-01-LP-gb26_000.wav, 1
data/events/GBTD-01-01-LP-gb27_000.wav, 1
data/events/GBTD-01-01-LP-gb28_000.wav, 1
data/events/GBTD-01-01-LP-gb29_000.wav, 1
data/events/GBTD-01-01-LP-gb2_000.wav, 1
data/events/GBTD-01-01-LP-gb3_000.wav, 1
data/events/GBTD-01-01-LP-gb4_000.wav, 1
data/events/GBTD-01-01-LP-gb5_000.wav, 1
data/events/GBTD-01-01-LP-gb6_000.wav, 1
data/events/GBTD-01-01-LP-gb7_000.wav, 1
data/events/GBTD-01-01-LP-gb8_000.wav, 1
data/events/GBTD-01-01-LP-gb9_000.wav, 1
data/events/R3S1M2_000_000.wav, 1
data/events/Room1_window_hit_3_W3_window_hit_(crash)_event_1_000_000.wav, 1
data/events/Room1_window_hit_3_W4_window_hit_(crash)_event_1_000_000.wav, 1
data/events/Room2_window_hit_2_W12_window_hit_(crash)_event_1_000_000.wav, 1
data/events/Room2_window_hit_2_W13_window_hit_(crash)_event_1_000_000.wav, 1
data/events/Room2_window_hit_2_W13_window_hit_(crash)_event_2_000_000.wav, 1
data/events/Room3_window_hit_1_W14_window_hit_(crash)_event_1_000_000.wav, 1
data/events/Room3_window_hit_1_W15_window_hit_(crash)_event_1_000_000.wav, 1
data/events/Room3_window_hit_1_W16_window_hit_(crash)_event_1_000_000.wav, 1
data/events/overdriven_glass_break_1_000_000.wav, 1
data/events/overdriven_glass_break_2_000_000.wav, 1
data/events/overdriven_glass_break_3_000_000.wav, 1
data/events/overdriven_glass_break_4_000_000.wav, 1
data/events/overdriven_glass_break_5_000_000.wav, 1
data/events/r1s3measurement13_000_000.wav, 1
data/events/r2s3measurement2_000_000.wav, 1
data/events/r4s3measurement1_1_000_000.wav, 1
data/events/r4s3measurement1_2_000_000.wav, 1
